ID,part_key,supplier_key,available_quantity,supply_cost,comments
1,87,40,48,30.37,They enjoy sometimes which establish state.
2,17,40,82,20.94,Peace couple blood smile.
3,27,48,71,27.61,Yeah executive include at hot five indicate employee.
4,39,17,27,30.77,Least stage pretty memory.
5,6,36,51,41.99,Factor present hope stuff so doctor left.
6,76,10,42,76.96,Last front chance main magazine president range.
7,41,49,46,66.89,Garden light today soon develop measure.
8,59,36,43,32.04,Laugh place American reason woman.
9,38,37,68,96.0,Season information eight soon chair write miss always.
10,94,50,42,98.14,Activity both focus ability star.
11,53,4,88,18.74,Scientist whether PM kitchen six.
12,97,36,10,45.85,Data personal floor change room plant.
13,96,5,65,96.22,Painting have account choice.
14,78,50,28,97.31,Minute practice be yourself necessary minute check.
15,97,23,92,22.88,Trade own available attention school win century.
16,95,38,13,23.15,Mind decision manager all themselves hour.
17,63,22,61,29.4,Democrat ago different have nor summer Mrs.
18,63,39,44,45.91,Customer manage know loss.
19,66,18,70,12.44,Clearly religious moment under past difficult close.
20,36,24,58,31.5,Court majority especially.
21,83,4,54,25.11,Scene be reality economic her another including.
22,87,13,1,54.69,Newspaper ok think.
23,75,44,97,2.56,Guy thank standard western race.
24,35,2,44,25.18,Figure good vote new he back.
25,9,29,90,88.82,Carry door gun blue.
26,55,31,35,52.27,Professional front threat industry.
27,38,9,90,61.85,Weight total cause wide.
28,27,34,13,8.58,Ready attorney pressure sea almost win.
29,79,6,55,87.21,Individual accept team that significant never.
30,92,4,41,15.1,Response case site determine share movie woman.
31,45,8,67,25.1,Public price eight establish.
32,65,39,21,77.4,Scene white series race build put act.
33,45,20,21,4.67,Art father send memory nor city.
34,7,11,67,22.36,Movement especially standard kind late base tree be.
35,33,47,74,66.97,Cause radio away within.
36,27,28,49,95.29,Join I operation first support.
37,39,35,29,93.36,Them some expect process standard.
38,84,46,15,55.6,Investment camera technology popular charge.
39,100,17,19,17.89,Behind again response bad foreign close.
40,35,12,75,71.18,Direction a others student social.
41,6,29,22,83.9,Price focus beat life identify.
42,58,48,13,39.26,Also just people ready blue professional world.
43,1,25,82,27.26,Art mouth in occur attorney early.
44,19,14,34,35.67,Light fish this soon test improve traditional.
45,59,29,59,81.34,Work newspaper sea include decade mind something.
46,37,13,96,65.09,Stock fall once site.
47,67,33,57,91.28,Power piece great mother.
48,17,37,50,9.24,Want card today court.
49,73,39,2,19.59,Necessary nor argue me low cause meeting interest.
50,73,14,49,47.12,Service democratic and job citizen save.
51,19,6,89,71.65,Theory usually foreign particularly improve program answer.
52,7,26,70,87.95,Attack evening situation model up camera.
53,98,48,81,78.99,Within view true single road value year body.
54,46,50,12,82.11,Too Mrs glass growth involve.
55,70,42,29,20.89,We each sometimes under.
56,70,48,62,81.06,Weight contain by short keep close without yard.
57,83,5,85,35.02,Democratic growth dog.
58,91,12,78,15.73,Trouble time very town.
59,52,2,84,91.61,Series order my.
60,15,29,46,85.67,Energy big price call oil station care back.
61,9,44,36,35.2,Various soon culture dog poor.
62,60,22,6,4.53,Somebody former policy forget nearly reason hit.
63,23,26,33,30.38,Ahead scientist town within admit.
64,18,28,88,89.08,Gun task another cover example color apply.
65,9,35,9,47.46,Look first agreement city trial receive.
66,21,44,30,15.9,Left radio agreement.
67,48,50,35,64.78,Somebody worker off system relationship than community without.
68,24,21,30,19.41,Body fine need after.
69,29,19,45,73.6,Fly claim sell coach.
70,97,13,4,93.53,Information trial in your federal fly.
71,12,26,30,21.5,Whatever yourself else fall point half.
72,100,32,24,20.04,Majority agency professional exist join when.
73,97,14,9,26.08,Shake chair laugh why method task than be.
74,9,36,30,16.04,Push most five rich seven structure guess.
75,50,4,5,15.95,Build shoulder sister such.
76,41,37,60,54.19,Food including buy market and kitchen.
77,67,8,23,76.25,Smile majority scientist sound guess people run.
78,21,15,68,98.13,Whether consider thousand set game.
79,89,22,85,46.45,Kid management should.
80,98,11,97,23.35,Still professor majority suddenly tend know.
81,89,28,55,62.64,Education attorney participant capital by.
82,70,13,52,68.72,Head next because single professor same teach.
83,30,21,74,52.51,On Congress able involve brother.
84,14,9,32,92.18,Skill trip point argue never there well.
85,74,47,11,85.45,Will people window child allow onto himself.
86,23,17,60,90.88,On onto I hope.
87,59,37,74,98.26,Social outside again act.
88,84,41,84,75.41,Month road yes practice.
89,9,15,4,41.06,Practice either people authority game language commercial.
90,51,1,83,73.7,Piece realize seat receive itself they.
91,52,17,70,75.2,Staff success forward situation deal manage.
92,32,48,53,52.49,Raise instead statement training.
93,74,9,97,55.96,There thought course series note.
94,16,44,32,28.83,Human one significant price position day.
95,17,6,54,72.11,Run down network cell federal simple.
96,54,11,16,63.83,Rise action be charge building.
97,82,44,75,38.29,Affect child visit often network.
98,67,40,72,18.9,Dream feel make point long clear.
99,92,22,18,14.1,Development area control against himself.
100,7,11,51,34.03,Material down claim pass myself recent.
101,21,18,62,46.37,Thus into rather political.
102,23,29,92,69.27,Mention successful line real.
103,2,36,86,38.71,Woman interest eight people manage position by.
104,58,48,45,45.67,Body nation black.
105,76,40,70,18.78,Set whose trade election condition those.
106,68,9,88,59.89,Here sing box.
107,2,47,91,95.12,Need work a store key involve.
108,61,30,44,19.11,Admit film memory.
109,65,9,25,73.19,Technology American why.
110,39,35,36,28.08,Wear research dream.
111,52,37,49,77.73,Black read since.
112,31,42,30,16.35,System edge young own.
113,69,14,19,18.07,Create approach seek onto catch trip.
114,8,42,70,64.29,Close heart set.
115,92,25,7,84.9,Security although notice number.
116,87,49,56,3.25,These talk defense method dinner understand.
117,35,22,6,14.99,Avoid senior interesting wide doctor.
118,13,40,13,46.43,Question however leave however picture red.
119,16,48,86,29.91,Away citizen compare treat question smile.
120,73,21,58,1.07,Thousand recent piece whom watch month.
121,50,43,90,47.55,Possible away Congress on industry.
122,27,14,14,57.51,Left authority face only several.
123,87,15,50,63.16,Movie land majority.
124,40,48,51,58.93,One son easy nation.
125,23,9,97,12.24,That office south pay.
126,69,19,39,90.7,Lead value buy board Democrat somebody.
127,6,3,30,1.47,Entire scientist she wall across measure clear several.
128,42,32,62,49.03,By try significant reality offer use imagine.
129,56,38,59,65.22,Be hour tree popular cultural.
130,29,5,22,49.82,Forward never one according together order though actually.
131,17,28,75,55.66,Hot hour push foreign available image summer.
132,12,3,14,27.96,Would source during sing.
133,88,43,36,50.33,Security century item.
134,12,2,58,19.66,Most whom table old they may.
135,25,16,77,51.52,Order character least form toward.
136,38,23,65,8.33,Travel bed create it garden.
137,35,42,1,50.87,Agree fish these pass.
138,16,14,33,86.95,Pick special half model.
139,10,18,62,27.52,So another ready trial note owner.
140,9,16,79,18.87,Single owner two purpose want window would.
141,60,21,46,32.01,Buy teach instead face.
142,49,28,47,71.8,Morning change some budget together run.
143,67,32,5,3.8,Friend training measure carry.
144,49,3,11,58.1,Toward clear pretty turn site girl avoid task.
145,25,4,57,56.27,Attention kid task community run amount build.
146,34,14,94,97.3,Job tax ok world.
147,95,43,16,22.35,Finally agree house yard.
148,31,1,29,64.97,Front entire enter edge.
149,58,33,33,89.39,Manage hit trip hard indicate wear.
150,61,4,44,22.55,Growth reality me nearly.
151,52,22,80,37.76,You create part us arrive do mean off.
152,38,5,21,74.14,Bed approach dinner.
153,18,45,55,40.43,Office process help hour senior where other.
154,90,43,8,8.95,Follow tell deep whether.
155,26,30,73,8.08,View worry history family already.
156,31,12,48,17.87,Into development fly usually middle think stay we.
157,2,13,27,71.39,Everything experience both.
158,98,44,29,6.65,Mrs method Republican name certainly top place.
159,5,40,82,61.01,Former create hair authority run.
160,87,12,79,3.91,Fund glass million talk.
161,7,19,7,51.78,Partner raise available that community.
162,85,25,38,41.04,Bill to record several.
163,59,4,35,96.07,Truth science simply series hand.
164,22,15,46,27.49,Customer upon administration son rock director station.
165,18,12,92,41.69,Notice pull data natural somebody dream work.
166,91,49,11,85.24,Sort six movement oil record exactly.
167,74,13,91,73.54,Anyone involve analysis drug.
168,65,43,90,38.87,Particular high others star.
169,80,29,10,32.2,Out start six wait newspaper.
170,71,4,74,28.81,Road suddenly space bill site town toward.
171,38,45,70,8.92,I time central listen.
172,42,16,100,22.26,Story already professional arrive southern although song.
173,60,20,20,91.73,Remember care idea which newspaper.
174,8,27,47,80.33,Boy pay turn street third most movie.
175,25,3,6,32.51,Town production few whether simple amount.
176,16,2,61,83.95,Consumer I future against exist politics attention.
177,16,23,97,36.5,Seven write role drop other floor.
178,56,44,24,93.36,Cut everything yet.
179,10,2,23,56.33,Should yourself send player money apply it.
180,53,48,95,11.34,Degree model the positive.
181,22,50,23,52.36,Increase address fact few who.
182,68,27,46,19.82,Meet wife short exist performance hope.
183,36,16,28,81.1,Thought must billion that important throw.
184,86,41,88,15.95,Now technology woman throughout.
185,9,4,45,44.15,Per build somebody cost he.
186,61,8,55,91.43,Now there either while agreement.
187,51,21,81,30.21,Out how guy identify.
188,25,11,36,74.47,Move mean identify social figure country.
189,23,48,62,75.0,Lose set represent hundred type today seem.
190,3,24,13,87.74,Accept build Mrs white laugh strategy rule.
191,85,18,1,81.27,Decade condition southern line sport record sign civil.
192,23,28,7,95.51,National power affect find.
193,30,45,89,92.33,Sort citizen behind soon month perhaps.
194,96,6,86,4.66,Point standard again watch.
195,31,14,4,97.38,Guy sing hope enough.
196,89,19,91,97.56,Process his property company right sell.
197,32,33,15,42.45,Clearly position civil computer probably tax.
198,77,35,84,68.15,Work development question argue modern.
199,91,29,28,65.04,Before however throw senior animal.
200,5,31,59,77.11,Cost wind forward will trouble relate network.
